link_id,from_node_id,to_node_id,dir_flag,length,lanes,capacity,free_speed,toll,link_type,allowed_uses,vdf_alpha,vdf_beta,vdf_plf,ref_volume,ref_cost,vdf_fftt,geometry,length_in_mile,FTYPE,AMLIMIT,IAMHRLKCAP,OPLIMIT,MDLANE,I4PMTRK,NTLIMIT,I4AMAPX,AMHTIME,TVOL00,I4PMAPX,I4NTSPD,MDHTIME,I4AMVOL,PMTOLL_VP,I4AMCV,MDHRLKCAP,I4NTVMT,I4NTTRK,OPHTIME,I4PMFFSPD,PMTOLL,I4PMCV,I424VMT,OPTOLL_VP,PMLIMIT,I4PMVC,I4MDFFSPD,JUR,I4NTFFSPD,EDGEID,MDLIMIT,MDTOLL_VP,I4NTVDF,I4AMVC,I4MDVOL,I4PMSOV,NTLANE,I4MDVDF,I4AMVDF,I4MDSOV,I4NTVOL,I4AMVMT,DEFLATIONF,I4PMVDF,I4PMHV3,I4MDHV3,I4MDHV2,I4AMTRK,MDTOLL,I4PMHV2,NTHRLKCAP,PMHTIME,TAZ,I4NTSOV,I4AMHV2,NTHTIME,NTTOLL,TOLLGRP,SCREEN,MDHRLNCAP,OPLANE,COMP,I4PMSPD,PROJECTID,I424VOL,I4NTVC,I4PMVOL,I4NTHV2,NTHRLNCAP,I4MDCV,AMTOLL_VP,IPMHRLNCAP,I4NTHV3,TOLL,I4AMSPD,I4MDAPX,I4MDSPD,I4AMSOV,OPTOLL,I4MDVC,I4MDVMT,I4MDTRK,LINKID,TIMEPEN,I4PMVMT,I4AMHV3,IPMHRLKCAP,SHAPE_LENG,I4NTCV,I4AMFFSPD,I4NTAPX,TVMT00,PMLANE,NTTOLL_VP,IAMHRLNCAP,NETYEAR
1,2025,34181,1,0.42,7,3150,17,0,200,sov;hov2;hov3;trk;apv;com,0.1,2.0,1.0,0,0,1.4823529411764707,"LINESTRING (-77.17618 38.766558, -77.181568 38.771022)",0.42,0,0,22050,0,7,17.74498,0,3.55,1.68,0,3.89,17.0,1.68,340.55362,0,81.97672,22050,373.02625,20.7594,1.68,17,0,123.25118,0.0,0,0,0.01321,17,5,17,29928,0,0,1.0,0.00644,1050.99243,686.08716,7,1.0,1.0,658.56799,888.15771,143.03252,0.8011,1.0,51.939,54.981,124.78112,32.61499,0,107.75678,22050,1.68,2025,626.50574,27.20876,1.68,0,0,0,3150,7,0,17.0,NEWTAZ,3270.3728,0.00604,990.66913,111.97895,3150,143.6895,0,3150,54.32948,0,17.0,5.62,17.0,183.50594,0,0.00844,441.41681,63.35282,45665,0,416.08102,11.69719,22050,2236.81,72.28413,17,2.3,0.0,7,0,3150,2001
2,2025,36387,1,0.35,7,3150,17,0,200,sov;hov2;hov3;trk;apv;com,0.1,2.0,1.0,0,0,1.2352941176470589,"LINESTRING (-77.17618 38.766558, -77.182427 38.765252)",0.35,0,0,22050,0,7,17.66502,0,0.0,1.4,0,0.0,17.0,1.4,181.2744,0,41.28328,22050,156.0231,9.6106,1.4,17,0,97.80882,0.0,0,0,0.01553,17,5,17,26436,0,0,1.0,0.00343,683.4566,888.04584,7,1.0,1.0,451.85501,445.7803,63.44604,0.8011,1.0,62.059,34.977,76.14688,18.40501,0,99.04521,22050,1.4,2025,320.17624,11.74824,1.4,0,0,0,3150,7,0,17.0,NA,2475.13501,0.00303,1164.62378,51.68605,3150,74.0705,0,3150,33.92152,0,17.0,0.0,17.0,104.66707,0,0.00549,239.20981,46.40718,68067,0,407.61835,5.17081,22050,1843.49,30.38587,17,0.0,0.0,7,0,3150,2001
3,2026,36322,1,0.1,7,3150,17,0,200,sov;hov2;hov3;trk;apv;com,0.1,2.0,1.0,0,0,0.35294117647058826,"LINESTRING (-77.175665 38.770894, -77.173979 38.771333)",0.1,0,0,22050,0,7,22.18,0,2.42,0.4,0,2.67,17.0,0.4,462.828,0,36.88,22050,67.9857,12.48,0.4,17,0,67.16,0.0,0,0,0.00981,17,5,17,25902,0,0,1.0,0.00875,1071.85,381.602,7,1.0,1.0,636.672,679.857,46.2828,0.8011,1.0,79.292,92.207,217.581,28.53,0,182.915,22050,0.4,2026,402.484,67.455,0.4,0,0,0,3150,7,0,17.0,NA,2950.354,0.00462,735.819,159.448,3150,66.2,0,3150,73.665,0,17.0,3.85,17.0,296.054,0,0.0086,107.185,55.34,65214,0,73.5819,31.489,22050,506.68,30.21,17,1.57,0.0,7,0,3150,2001
4,2027,36321,1,0.12,7,3150,17,0,200,sov;hov2;hov3;trk;apv;com,0.1,2.0,1.0,0,0,0.4235294117647058,"LINESTRING (-77.179948 38.775078, -77.178139 38.774172)",0.12,0,0,22050,0,7,18.46,0,1.7,0.48,0,1.87,17.0,0.48,298.074,0,73.98,22050,87.73032,11.98,0.48,17,0,133.77,0.0,0,0,0.01581,17,5,17,25493,0,0,1.0,0.00564,1069.874,832.52,7,1.0,1.0,678.762,731.086,35.76888,0.8011,1.0,61.446,56.136,149.926,24.52,0,138.023,22050,0.48,2027,500.014,30.653,0.48,0,0,0,3150,7,0,17.0,NA,3285.123,0.00497,1186.089,107.894,3150,131.6,0,3150,48.838,0,17.0,2.69,17.0,157.684,0,0.00859,128.38487,50.76,47625,0,142.33067,9.537,22050,612.43,61.27,17,1.09,0.0,7,0,3150,2001
5,2028,3732,1,0.25,7,3150,17,0,200,sov;hov2;hov3;trk;apv;com,0.1,2.0,1.0,0,0,0.8823529411764706,"LINESTRING (-77.174821 38.774317, -77.174107 38.777832)",0.25,0,0,22050,0,7,54.54202,0,6.52,1.0,0,7.02565,17.0,1.0,895.47797,0,223.52492,22050,457.53888,44.1,1.0,17,0,337.6254,0.0,0,0,0.0305,17,5,17,25016,0,0,1.0,0.01693,2388.85107,1415.29407,7,1.0,1.0,1397.43835,1830.15552,223.86949,0.8011,1.0,157.67,156.92154,329.83914,84.58604,0,315.14145,22050,1.0,2028,1175.58447,79.9086,1.0,0,0,0,3150,7,0,17.0,NA,7401.7832,0.01245,2287.29858,281.642,3150,355.35101,0,3150,120.119,0,17.0,10.32,17.0,460.95844,0,0.01918,597.21277,138.98093,38820,0,571.82465,39.98,22050,1296.4,204.49,17,4.22,0.0,7,0,3150,2001
6,2028,36321,1,0.18,7,3150,17,0,200,sov;hov2;hov3;trk;apv;com,0.1,2.0,1.0,0,0,0.6352941176470588,"LINESTRING (-77.174821 38.774317, -77.178139 38.774172)",0.18,0,0,22050,0,7,13.8884,0,0.0,0.72,0,0.0,17.0,0.72,158.16803,0,38.42112,22050,24.48612,4.73,0.72,17,0,17.75021,0.0,0,0,0.0063,17,5,17,22839,0,0,1.0,0.00299,470.96289,394.97556,7,1.0,1.0,324.42734,136.034,28.47025,0.8011,1.0,8.75,15.713,75.63244,18.89082,0,36.94286,22050,0.72,2028,81.879,13.60285,0.72,0,0,0,3150,7,0,17.0,NA,1237.47192,0.00093,472.30704,29.659,3150,17.66,0,3150,10.626,0,17.0,0.0,17.0,82.11407,0,0.00378,84.77332,37.53012,610,0,85.01527,5.13917,22050,947.52,9.14,17,0.0,0.0,7,0,3150,2001
7,2028,36322,1,0.21,7,3150,17,0,200,sov;hov2;hov3;trk;apv;com,0.1,2.0,1.0,0,0,0.7411764705882353,"LINESTRING (-77.174821 38.774317, -77.173979 38.771333)",0.21,0,0,22050,0,7,19.56834,0,0.0,0.84,0,0.0,17.0,0.84,180.29369,0,31.99946,22050,31.46246,1.74512,0.84,17,0,178.31789,0.0,0,0,0.0177,17,5,17,22838,0,0,1.0,0.00341,454.0766,853.98999,7,1.0,1.0,286.02515,149.82126,37.86168,0.8011,1.0,93.005,31.40191,69.43016,11.44537,0,182.9379,22050,0.84,2028,95.82616,17.87104,0.84,0,0,0,3150,7,0,17.0,NA,2112.01074,0.00102,1327.81909,28.57912,3150,50.59164,0,3150,15.85868,0,17.0,0.0,17.0,109.026,0,0.00364,95.35609,16.62772,16721,0,278.84201,9.95183,22050,1112.98,7.81218,17,0.0,0.0,7,0,3150,2001
8,2028,36324,1,0.18,7,3150,17,0,200,sov;hov2;hov3;trk;apv;com,0.1,2.0,1.0,0,0,0.6352941176470588,"LINESTRING (-77.174821 38.774317, -77.171518 38.774901)",0.18,0,0,22050,0,7,2.60123,0,0.0,0.72,0,0.14435,17.0,0.72,69.60131,0,12.2745,22050,135.04179,7.98488,0.72,17,0,13.26649,0.0,0,0,0.00177,17,5,17,28988,0,0,1.0,0.00132,1172.44556,90.64031,7,1.0,1.0,742.81219,750.23218,12.52824,0.8011,1.0,1.81,76.28755,197.12724,4.42777,0,24.52779,22050,0.72,2028,483.08929,8.14552,0.72,0,0,0,3150,7,0,17.0,NEWTAZ,2125.26929,0.0051,132.99017,145.81187,3150,114.70735,0,3150,76.32832,0,17.0,0.0,17.0,44.43452,0,0.00941,211.04021,41.51123,40095,0,23.93823,0.319,22050,965.13,37.01782,17,0.0,0.0,7,0,3150,2001
9,2029,34988,1,0.13,7,3150,17,0,200,sov;hov2;hov3;trk;apv;com,0.1,2.0,1.0,0,0,0.45882352941176474,"LINESTRING (-77.17033 38.773577, -77.171167 38.771771)",0.13,0,0,22050,0,7,5.42175,0,0.0,0.52,0,0.0,17.0,0.52,129.38866,0,33.12496,22050,39.53646,4.2387,0.52,17,0,61.96333,0.0,0,0,0.00646,17,5,17,28989,0,0,1.0,0.00245,513.05115,319.3186,7,1.0,1.0,327.18253,304.12665,16.82053,0.8011,1.0,27.4451,30.75468,83.87914,7.32954,0,70.70473,22050,0.52,2029,191.08244,11.59194,0.52,0,0,0,3150,7,0,17.0,NEWTAZ,1431.41992,0.00207,484.85352,58.48394,3150,54.82092,0,3150,24.252,0,17.0,0.0,17.0,73.3564,0,0.00412,66.69665,16.41389,40097,0,63.03096,3.98582,22050,698.88,26.06954,17,0.0,0.0,7,0,3150,2001
10,2029,36324,1,0.11,7,3150,17,0,200,sov;hov2;hov3;trk;apv;com,0.1,2.0,1.0,0,0,0.388235294117647,"LINESTRING (-77.17033 38.773577, -77.171518 38.774901)",0.11,0,0,22050,0,7,6.03825,0,1.26,0.44,0,1.38,17.0,0.44,163.06334,0,27.29504,22050,41.78937,4.6613,0.44,17,0,46.81667,0.0,0,0,0.00628,17,5,17,25020,0,0,1.0,0.00308,632.23486,294.89041,7,1.0,1.0,399.88748,379.90338,17.93697,0.8011,1.0,34.9589,43.69232,116.21986,8.35046,0,86.96427,22050,0.44,2029,239.89656,21.89906,0.44,0,0,0,3150,7,0,17.0,NA,1646.25012,0.00258,471.04849,78.78905,3150,52.36908,0,3150,31.476,0,17.0,1.99,17.0,96.7076,0,0.00508,69.54584,18.07611,37457,0,51.81533,7.55118,22050,590.08,24.27046,17,0.81,0.0,7,0,3150,2001
11,3723,36321,1,0.3,2,600,40,0,203,sov;hov2;hov3;trk;apv;com,0.96,2.3,1.0,0,0,0.45,"LINESTRING (-77.176047 38.777961, -77.178139 38.774172)",0.3,3,0,1200,0,2,74.50205,0,9.46024,1.30624,9,10.33744,39.06171,1.04651,1831.64685,0,187.05113,1200,432.3297,33.99,1.04651,40,0,353.93747,2678.75537,0,0,0.57559,40,5,40,32425,0,0,1.02402,0.6365,3307.1123,1374.88684,2,1.10085,1.18101,2102.44238,1441.099,549.49408,0.8011,1.14204,128.43051,207.43903,477.12042,83.0686,0,407.23218,1200,1.30624,2027,906.744,160.37849,1.04651,0,0,0,600,2,0,35.02515,NA,8929.18457,0.18014,2349.32642,239.604,600,338.98926,0,600,120.091,0,33.86937,15.06698,36.3355,1286.55103,0,0.4878,992.13367,166.05424,81729,0,704.79797,105.13738,1200,1568.44,135.12,40,5.55,2.7,2,0,600,2001
12,3724,36324,1,0.2,3,500,35,0,204,sov;hov2;hov3;trk;apv;com,0.96,2.3,1.0,0,0,0.34285714285714286,"LINESTRING (-77.171778 38.777712, -77.171518 38.774901)",0.2,4,0,1500,0,3,75.42108,0,4.98527,0.89021,8,3.19231,34.31813,0.74212,1450.73621,0,141.44,1500,158.95145,8.16907,0.74212,35,0,302.57797,1573.74036,0,0,0.72812,35,5,35,32427,0,0,1.01987,0.4033,1908.28625,2446.13623,3,1.06557,1.14305,1186.37036,794.7572,290.14725,0.8011,1.43134,179.08704,140.00389,373.43271,50.42638,0,708.50732,1500,0.89021,2029,477.83002,148.35828,0.74212,0,0,0,500,3,0,24.45255,NA,7868.70166,0.07948,3714.92188,176.51764,500,150.08487,0,500,87.6767,0,30.61986,2.31302,32.84634,938.53906,0,0.22518,381.65726,56.08141,81733,0,742.98438,166.98715,1500,1034.07,43.7538,35,0.81,1.6,3,0,500,2001
13,3727,36387,1,0.3,1,600,40,0,203,sov;hov2;hov3;trk;apv;com,0.96,2.3,1.0,0,0,0.45,"LINESTRING (-77.182669 38.760952, -77.182427 38.765252)",0.3,3,0,600,0,1,68.28228,0,6.07079,1.30624,6,6.74607,38.92481,1.04651,1524.37231,0,178.04187,600,243.93024,14.62843,1.04651,40,0,252.4648,1861.03857,0,0,1.07859,40,5,40,26434,0,0,1.02762,1.05944,1664.79065,1306.88306,1,1.10198,2.40359,1065.87402,813.10077,457.31168,0.8011,2.53361,239.80029,109.56602,267.44839,203.02417,0,327.02167,600,1.30624,2024,513.67371,98.94451,1.04651,0,0,0,600,1,0,15.78777,NA,6203.46191,0.20328,2201.19824,158.17889,600,130.42653,0,600,71.84858,0,16.64178,3.23,36.29835,1006.05902,0,0.49111,499.43719,88.24564,68064,0,660.35944,32.23187,600,1567.52,53.46119,40,1.31,1.8,1,0,600,2001
14,3728,35247,1,0.51,3,1200,52,0,205,sov;hov2;hov3;trk;apv;com,0.87,5.0,1.0,0,0,0.5884615384615385,"LINESTRING (-77.162078 38.766543, -77.171139 38.768663)",0.51,5,0,3600,0,3,205.36206,0,3.07506,1.16928,37,21.4266,50.56412,0.80611,6153.36621,0,715.6557,3600,3508.51025,126.63044,0.80611,52,0,1326.80945,18734.52344,0,0,0.91155,52,5,52,589,0,0,1.0284,0.71276,12539.69141,7014.45313,3,1.11193,1.16938,7662.44531,6879.43164,3138.2168,0.8011,1.52769,842.17236,1150.77917,1776.72717,263.6232,0,1751.64587,3600,1.16928,2031,4376.84814,660.20001,0.80611,0,0,0,1200,3,0,34.03829,NA,36734.35938,0.28664,11161.86914,1129.62671,1200,1408.81812,0,1200,756.01099,0,44.46793,46.69236,46.76558,3879.95483,0,0.61653,6395.24268,494.22943,25048,0,5692.55371,630.8573,3600,2703.5,479.72549,52,10.59,18.87,3,0,1200,2000
15,3729,35247,1,0.62,3,1200,52,0,205,sov;hov2;hov3;trk;apv;com,0.87,5.0,1.0,0,0,0.7153846153846154,"LINESTRING (-77.182039 38.769962, -77.171139 38.768663)",0.62,5,0,3600,0,3,177.9984,0,11.52288,1.42147,37,16.82585,50.78529,0.97998,8764.31348,0,823.87439,3600,3709.88745,91.2304,0.97998,52,0,1160.18604,22638.09961,0,0,0.79324,52,5,52,28995,0,0,1.02392,1.0152,12051.93359,5246.18457,3,1.10054,2.16203,7620.19824,5983.68945,5433.87451,0.8011,1.24744,1651.32947,961.40399,1607.55176,365.69644,0,1460.60242,3600,1.42147,2026,3794.25903,691.1319,0.97998,0,0,0,1200,3,0,41.68532,NA,36513.0625,0.24932,9713.12695,957.96655,1200,1432.71277,0,1200,644.01355,0,24.05149,25.4063,47.24942,6525.12061,0,0.59255,7472.19873,404.66049,16586,0,6022.13867,346.96686,3600,3282.64,493.4899,52,2.73,22.94,3,0,1200,2000
16,3730,35439,1,0.33,1,1200,52,0,205,closed,0.87,5.0,1.0,0,0,0.3807692307692308,"LINESTRING (-77.181987 38.770283, -77.176119 38.770232)",0.33,5,9,1200,9,1,0.0,9,0.0,0.75659,0,0.0,52.0,0.5216,0.0,0,0.0,1200,0.0,0.0,0.5216,52,0,0.0,0.0,0,9,0.0,52,5,52,28994,9,0,1.0,0.0,0.0,0.0,1,1.0,1.0,0.0,0.0,0.0,0.8011,1.0,0.0,0.0,0.0,0.0,0,0.0,1200,0.75659,2026,0.0,0.0,0.5216,0,0,0,1200,1,0,52.0,VSF26HOV,0.0,0.0,0.0,0.0,1200,0.0,0,1200,0.0,0,52.0,0.0,52.0,0.0,0,0.0,0.0,0.0,40187,0,0.0,0.0,1200,1736.58,0.0,52,0.0,0.0,1,0,1200,2025
17,3731,34411,1,0.15,4,1900,63,0,201,sov;hov2;hov3;trk;apv;com,0.87,5.0,1.0,0,0,0.14285714285714285,"LINESTRING (-77.182377 38.770272, -77.181898 38.772411)",0.15,1,0,7600,0,4,1611.61938,0,90.75983,0.28911,119,476.14459,59.20907,0.19916,19540.72656,0,1089.44067,7600,4848.96143,2607.1582,0.19916,63,0,3828.11328,17809.70898,0,0,1.06698,63,5,63,3798,0,0,1.06403,1.07217,39282.51953,15660.78516,4,1.39302,3.6505,24654.60742,32326.41016,2931.10889,0.8011,3.53179,1447.92615,361.74759,5802.396,1798.53235,0,4557.1543,7600,0.28911,2027,21473.4082,42.20122,0.19916,0,0,0,1900,4,0,17.838,VA2001,118731.39844,0.63802,27581.74219,5308.01416,1900,650.78888,0,1900,390.50082,0,17.25791,36.13938,45.22556,16498.46289,0,0.91487,5892.37793,7776.83936,35275,0,4137.26123,21.32969,7600,792.6,2191.05981,63,356.26761,17.85,4,0,1900,2001
18,3732,2028,1,0.25,7,3150,17,0,200,sov;hov2;hov3;trk;apv;com,0.1,2.0,1.0,0,0,0.8823529411764706,"LINESTRING (-77.174107 38.777832, -77.174821 38.774317)",0.25,0,0,22050,0,7,50.40762,0,5.61,1.0,0,6.90703,17.0,1.0,826.28662,0,136.01485,22050,306.45026,35.36,1.0,17,0,317.71848,0.0,0,0,0.02346,17,5,17,25016,0,0,1.0,0.01563,2397.8938,943.24872,7,1.0,1.0,1463.13452,1225.801,206.57166,0.8011,1.0,131.74559,152.30319,340.08633,47.59313,0,309.80563,22050,1.0,2028,718.864,62.72147,1.0,0,0,0,3150,7,0,17.0,NA,6209.81445,0.00834,1759.83301,205.812,3150,308.33023,0,3150,97.245,0,17.0,10.32,17.0,538.77533,0,0.01925,599.47345,123.71957,38819,0,439.95825,35.57186,22050,1296.4,164.3,17,4.22,0.0,7,0,3150,2001
19,5098,35247,1,0.09,7,500,35,0,204,closed,0.96,2.3,1.0,0,0,0.15428571428571428,"LINESTRING (-77.170434 38.767486, -77.171139 38.768663)",0.09,4,9,3500,9,7,0.0,9,0.0,0.40059,0,0.0,35.0,0.33395,0.0,0,0.0,3500,0.0,0.0,0.33395,35,0,0.0,0.0,0,9,0.0,35,5,35,27469,9,0,1.0,0.0,0.0,0.0,7,1.0,1.0,0.0,0.0,0.0,0.8011,1.0,0.0,0.0,0.0,0.0,0,0.0,3500,0.40059,2025,0.0,0.0,0.33395,0,0,0,500,7,0,35.0,NA,0.0,0.0,0.0,0.0,500,0.0,0,500,0.0,0,35.0,0.0,35.0,0.0,0,0.0,0.0,0.0,39384,0,0.0,0.0,3500,472.86,0.0,35,0.0,0.0,7,0,500,2001
20,6114,35247,1,0.1,7,500,35,0,204,closed,0.96,2.3,1.0,0,0,0.17142857142857143,"LINESTRING (-77.170199 38.76747, -77.171139 38.768663)",0.1,4,9,3500,9,7,0.0,9,0.0,0.4451,0,0.0,35.0,0.37106,0.0,0,0.0,3500,0.0,0.0,0.37106,35,0,0.0,0.0,0,9,0.0,35,5,35,27470,9,0,1.0,0.0,0.0,0.0,7,1.0,1.0,0.0,0.0,0.0,0.8011,1.0,0.0,0.0,0.0,0.0,0,0.0,3500,0.4451,2025,0.0,0.0,0.37106,0,0,0,500,7,0,35.0,NA,0.0,0.0,0.0,0.0,500,0.0,0,500,0.0,0,35.0,0.0,35.0,0.0,0,0.0,0.0,0.0,75631,0,0.0,0.0,3500,510.3,0.0,35,0.0,0.0,7,0,500,2001
21,34181,2025,1,0.42,7,3150,17,0,200,sov;hov2;hov3;trk;apv;com,0.1,2.0,1.0,0,0,1.4823529411764707,"LINESTRING (-77.181568 38.771022, -77.17618 38.766558)",0.42,0,0,22050,0,7,20.9668,0,3.55,1.68,0,3.89,17.0,1.68,682.73669,0,71.21659,22050,290.30777,24.27,1.68,17,0,142.02911,0.0,0,0,0.01013,17,5,17,29928,0,0,1.0,0.01291,1444.1438,436.69766,7,1.0,1.0,935.02051,691.209,286.74942,0.8011,1.0,46.30817,83.29752,165.26727,27.37958,0,109.69857,22050,1.68,2025,448.387,54.55481,1.68,0,0,0,3150,7,0,17.0,NEWTAZ,3577.67993,0.0047,759.59033,86.945,3150,173.24823,0,3150,44.797,0,17.0,5.62,17.0,496.6185,0,0.01159,606.54041,81.69034,45666,0,319.02795,29.41719,22050,2236.81,84.51,17,2.3,0.0,7,0,3150,2001
22,34181,34987,1,0.12,2,600,40,0,203,sov;hov2;hov3;trk;apv;com,0.96,2.3,1.0,0,0,0.18,"LINESTRING (-77.181568 38.771022, -77.180028 38.772343)",0.12,3,0,1200,0,2,134.86595,0,9.62063,0.5225,13,10.63607,38.00611,0.4186,2256.77832,0,288.1965,1200,312.81488,117.02895,0.4186,40,0,518.52789,1530.27283,0,0,0.9816,40,5,40,8364,0,0,1.05246,0.78423,3882.16284,2510.42847,2,1.14058,1.33245,2304.95044,2606.79077,270.81339,0.8011,1.92255,262.14148,200.75052,547.86261,284.17004,0,569.94153,1200,0.5225,2027,1632.09912,114.64084,0.4186,0,0,0,600,2,0,20.80573,VA2001,12752.27344,0.32585,4006.5415,489.22006,600,381.32336,0,600,155.61362,0,30.01998,8.85,35.06977,1521.77832,0,0.57262,465.85953,438.4259,55774,0,480.78497,38.37206,1200,652.81,209.2191,40,3.61,1.56,2,0,600,2001
23,34181,36387,1,0.4,1,600,40,0,203,sov;hov2;hov3;trk;apv;com,0.96,2.3,1.0,0,0,0.6,"LINESTRING (-77.181568 38.771022, -77.182427 38.765252)",0.4,3,0,600,0,1,53.26385,0,2.03024,1.74165,4,2.17744,39.30259,1.39535,792.90448,0,103.16347,600,221.2756,10.9,1.39535,40,0,118.79618,1793.18555,0,0,0.74254,40,5,40,26435,0,0,1.01774,0.55107,1621.48584,1075.03918,1,1.09764,1.13002,1052.01208,553.189,317.1618,0.8011,1.28075,49.67152,91.5199,262.90964,57.81501,0,216.43628,600,1.74165,2025,353.212,73.25446,1.39535,0,0,0,600,1,0,31.23176,NA,4482.96387,0.1383,1515.3844,106.599,600,113.13818,0,600,51.718,0,35.39749,3.23,36.44199,495.30591,0,0.47834,648.59436,98.67605,68065,0,606.15375,61.33539,600,2131.62,30.17,40,0.59,1.6,1,0,600,2001
24,34411,3725,1,0.23,1,1900,63,0,201,sov;hov2;hov3;trk;apv;com,0.87,5.0,1.0,0,0,0.21904761904761905,"LINESTRING (-77.181898 38.772411, -77.181559 38.775792)",0.23,1,0,1900,0,1,0.0,0,0.0302,0.4433,1,0.0,62.94412,0.30538,21.16632,0,1.06376,1900,64.66042,0.0,0.30538,63,0,0.0,213.98509,0,9,0.0,63,5,63,5323,0,0,1.00089,0.00465,628.07141,0.0,1,1.00234,1.00019,2e-05,281.13226,4.86825,0.8011,1.0,0.0,212.24176,0.0,0.0,0,0.0,1900,0.4433,2027,0.0,14.97895,0.30538,0,0,0,1900,1,0,63.0,VI2R20,930.37,0.02219,0.0,0.0,1900,379.69025,0,1900,281.13226,0,62.9883,36.13938,62.8529,0.0,0,0.05851,144.45642,0.0,56215,0,0.0,5.09342,1900,1234.78,0.0,63,0.0,0.23,1,0,1900,2015
25,34411,34181,1,0.1,2,1000,23,0,206,sov;hov2;hov3;trk;apv;com,0.96,2.3,1.0,0,0,0.2608695652173913,"LINESTRING (-77.181898 38.772411, -77.181568 38.771022)",0.1,6,0,2000,0,2,69.20295,0,0.0,0.33975,5,0.0,22.91462,0.3212,728.53027,0,56.91023,2000,124.19684,91.04113,0.3212,23,0,262.16705,529.52216,0,0,0.21765,23,5,23,867,0,0,1.00373,0.1519,1844.09705,920.34393,2,1.00716,1.00659,1027.77209,1241.96838,72.85303,0.8011,1.01006,0.0,81.01521,236.4796,61.92651,0,228.91162,2000,0.33975,2027,710.75464,0.00861,0.3212,0,0,0,1000,2,0,22.77094,VI2U,5295.22119,0.09315,1480.62561,269.87921,1000,170.96869,0,1000,56.81956,0,22.84931,0.0,22.83649,609.37592,0,0.1632,184.4097,327.86142,19812,0,148.06256,0.309,2000,514.89,113.47378,23,0.0,0.5,2,0,1000,2000
26,34411,35204,1,0.13,4,1900,63,0,201,sov;hov2;hov3;trk;apv;com,0.87,5.0,1.0,0,0,0.12380952380952383,"LINESTRING (-77.181898 38.772411, -77.181219 38.774183)",0.13,1,0,7600,0,4,1542.41638,0,90.72963,0.25056,113,476.14459,59.69819,0.1726,18791.0293,0,1031.46667,7600,4004.43018,2516.11719,0.1726,63,0,3565.94629,14625.75488,0,0,1.0097,63,5,63,9815,0,0,1.05531,1.03103,36810.35156,14740.44141,4,1.22337,2.70975,23626.83398,30803.30859,2442.83374,0.8011,2.22186,1447.92615,68.49061,5565.9165,1736.60583,0,4328.24268,7600,0.25056,2027,20762.6543,27.21367,0.1726,0,0,0,1900,4,0,28.35456,VI2U,112505.80469,0.60796,26101.11719,5038.13477,1900,100.12994,0,1900,52.549,0,23.24938,0.0,51.49719,15889.08691,0,0.85729,4785.3457,7448.97803,49569,0,3393.14526,15.92726,7600,673.47,2077.58594,63,356.26761,14.69,4,0,1900,2000
27,34987,34181,1,0.12,2,600,40,0,203,sov;hov2;hov3;trk;apv;com,0.96,2.3,1.0,0,0,0.18,"LINESTRING (-77.180028 38.772343, -77.181568 38.771022)",0.12,3,0,1200,0,2,74.17065,0,5.58024,0.5225,8,6.06744,39.29322,0.4186,1475.54041,0,174.3721,1200,134.31924,30.25,0.4186,40,0,257.76523,919.78723,0,0,0.55211,40,5,40,8364,0,0,1.01799,0.51275,2816.50854,1494.99219,2,1.07625,1.11125,1828.48389,1119.327,177.06485,0.8011,1.13053,95.97968,153.44682,408.2757,85.19057,0,324.54245,1200,0.5225,2027,717.949,127.8067,0.4186,0,0,0,600,2,0,35.38148,VA2001,7664.89355,0.13992,2253.51758,182.825,600,253.92796,0,600,86.383,0,35.99557,8.85,37.16616,991.8382,0,0.41544,337.98102,163.52419,372,0,270.42209,90.75259,1200,652.81,99.03,40,2.89,0.96,2,0,600,2001
28,34987,36321,1,0.16,2,600,40,0,203,sov;hov2;hov3;trk;apv;com,0.96,2.3,1.0,0,0,0.24,"LINESTRING (-77.180028 38.772343, -77.178139 38.774172)",0.16,3,0,1200,0,2,131.37254,0,11.80024,0.69666,13,11.15641,37.95432,0.55814,2516.71216,0,312.5192,1200,424.44043,93.10956,0.55814,40,0,510.83521,2145.08398,0,0,0.97959,40,5,40,32424,0,0,1.0539,0.87456,4238.9707,2502.43848,2,1.17268,1.52125,2567.59668,2652.75269,402.67395,0.8011,1.91409,271.68124,247.19102,608.64264,291.8251,0,570.85608,1200,0.69666,2027,1687.87109,149.16124,0.55814,0,0,0,600,2,0,20.89768,NA,13406.77539,0.33159,3998.33984,470.46899,600,417.70807,0,600,182.68814,0,26.29424,12.7,34.10979,1691.85608,0,0.62525,678.23529,385.13211,81726,0,639.73438,59.55038,1200,857.04,213.43497,40,5.18,2.08,2,0,600,2001
29,34987,36322,1,0.34,2,500,35,0,204,sov;hov2;hov3;trk;apv;com,0.96,2.3,1.0,0,0,0.582857142857143,"LINESTRING (-77.180028 38.772343, -77.173979 38.771333)",0.34,4,0,1000,0,2,17.09568,0,2.18003,1.51335,2,2.4,34.14429,1.2616,181.11649,0,24.43506,1000,227.11652,38.1194,1.2616,35,0,86.14446,793.46741,0,0,0.20585,35,5,35,22837,0,0,1.02506,0.07553,784.448,432.10583,2,1.03704,1.01888,427.35532,667.98975,61.57961,0.8011,1.05822,50.10014,57.34633,128.30649,18.24258,0,112.32741,1000,1.51335,2026,373.78674,20.30542,1.2616,0,0,0,500,2,0,33.0743,VA2001,2333.72778,0.1002,700.17352,163.87794,500,56.20698,0,500,51.12151,0,34.3514,3.52698,33.74982,105.56161,0,0.13885,266.71231,111.70587,38813,0,238.05899,10.39179,1000,1769.16,39.51413,35,1.57,0.68,2,0,500,2001
30,34988,2029,1,0.13,7,3150,17,0,200,sov;hov2;hov3;trk;apv;com,0.1,2.0,1.0,0,0,0.45882352941176474,"LINESTRING (-77.171167 38.771771, -77.17033 38.773577)",0.13,0,0,22050,0,7,7.80114,0,0.0,0.52,0,0.0,17.0,0.52,274.53674,0,42.38651,22050,33.25465,5.51225,0.52,17,0,71.13175,0.0,0,0,0.00505,17,5,17,28989,0,0,1.0,0.00519,580.13416,198.60818,7,1.0,1.0,364.94595,255.80501,35.68978,0.8011,1.0,37.20577,34.67577,89.51424,11.29969,0,63.93847,22050,0.52,2029,150.70244,19.91332,0.52,0,0,0,3150,7,0,17.0,NEWTAZ,1489.16125,0.00174,378.68533,47.87131,3150,68.32127,0,3150,19.166,0,17.0,0.0,17.0,191.5623,0,0.00466,75.41744,22.67695,45664,0,49.22909,9.37493,22050,698.88,32.55301,17,0.0,0.0,7,0,3150,2001
31,34988,35247,1,0.22,3,500,35,0,204,sov;hov2;hov3;trk;apv;com,0.96,2.3,1.0,0,0,0.3771428571428571,"LINESTRING (-77.171167 38.771771, -77.171139 38.768663)",0.22,4,0,1500,0,3,97.45605,0,2.57526,0.97923,11,1.27934,33.39554,0.81633,1176.77417,0,147.87627,1500,383.53839,42.51942,0.81633,35,0,517.08856,2481.47534,0,0,1.06136,35,5,35,590,0,0,1.04804,0.32714,2944.19751,3576.50757,3,1.11629,1.10676,1804.37219,1743.35632,258.89032,0.8011,2.20556,308.41617,217.29047,479.52792,46.16293,0,914.35742,1500,0.97923,2029,1061.77832,118.14613,0.81633,0,0,0,500,3,0,15.869,VA2001,11279.43262,0.17434,5415.10498,369.50497,500,286.78598,0,500,178.87317,0,31.62392,0.0,31.35399,697.34082,0,0.34742,647.72345,156.22095,51392,0,1191.32312,164.67273,1500,1165.68,90.68047,35,0.0,2.42,3,0,500,2001
32,34988,36322,1,0.16,2,500,35,0,204,sov;hov2;hov3;trk;apv;com,0.96,2.3,1.0,0,0,0.2742857142857143,"LINESTRING (-77.171167 38.771771, -77.173979 38.771333)",0.16,4,0,1000,0,2,30.18962,0,0.24002,0.71217,5,0.27,33.82122,0.59369,1165.26208,0,118.26768,1000,140.5704,13.48,0.59369,35,0,145.61575,779.7179,0,0,0.39391,35,5,35,22836,0,0,1.03485,0.48591,1489.56653,792.98505,2,1.08019,1.19427,990.74274,878.565,186.44193,0.8011,1.13814,116.60352,97.367,247.007,47.37404,0,254.17946,1000,0.71217,2026,548.34497,118.34079,0.59369,0,0,0,500,2,0,30.75194,VA2001,4873.23682,0.13178,1339.84338,181.48199,500,100.37166,0,500,78.908,0,29.30668,0.32302,32.40176,804.50397,0,0.26365,238.33064,53.75505,59849,0,214.37494,76.53548,1000,835.87,56.35,35,0.0,0.8,2,0,500,2001
33,34988,36324,1,0.22,3,500,35,0,204,sov;hov2;hov3;trk;apv;com,0.96,2.3,1.0,0,0,0.3771428571428571,"LINESTRING (-77.171167 38.771771, -77.171518 38.774901)",0.22,4,0,1500,0,3,58.80077,0,7.16267,0.97923,10,24.91758,33.58403,0.81633,3250.97705,0,280.86179,1500,341.79568,29.48785,0.81633,35,0,390.25742,2273.64453,0,0,0.70497,35,5,35,32426,0,0,1.04216,0.90377,1933.35583,1958.7594,3,1.06669,1.74499,1187.74524,1553.6167,715.21497,0.8011,1.39731,608.73773,100.88235,455.22812,114.54274,0,555.32483,1500,0.97923,2029,1155.51013,173.75768,0.81633,0,0,0,500,3,0,25.04814,NA,10334.74707,0.15536,3596.79785,264.91479,500,63.02881,0,500,54.87918,0,20.05737,0.0,32.81173,2550.48657,0,0.22814,425.33829,126.47137,81730,0,791.29553,124.16546,1500,1155.03,41.74479,35,7.08,2.2,3,0,500,2001
34,35204,3726,1,0.46,4,1900,63,0,201,sov;hov2;hov3;trk;apv;com,0.87,5.0,1.0,0,0,0.4380952380952381,"LINESTRING (-77.181219 38.774183, -77.179337 38.780642)",0.46,1,0,7600,0,4,1542.41638,0,90.72963,0.8866,113,476.14459,59.69819,0.61075,18791.0293,0,1031.46667,7600,14169.52148,2516.11719,0.61075,63,0,3565.94629,51752.67188,0,0,1.0097,63,5,63,9814,0,0,1.05531,1.03103,36810.35156,14740.44141,4,1.22337,2.70975,23626.83398,30803.30859,8643.87305,0.8011,2.22186,1447.92615,68.49061,5565.9165,1736.60583,0,4328.24268,7600,0.8866,2027,20762.6543,27.21367,0.61075,0,0,0,1900,4,0,28.35456,VA2001,112505.80469,0.60796,26101.11719,5038.13477,1900,100.12994,0,1900,52.549,0,23.24938,0.0,51.49719,15889.08691,0,0.85729,16932.76172,7448.97803,58506,0,12006.51367,15.92726,7600,2426.16,2077.58594,63,356.26761,51.98,4,0,1900,2001
35,35247,3728,1,0.51,3,1200,52,0,205,sov;hov2;hov3;trk;apv;com,0.87,5.0,1.0,0,0,0.5884615384615385,"LINESTRING (-77.171139 38.768663, -77.162078 38.766543)",0.51,5,0,3600,0,3,189.54253,0,10.251,1.16928,35,15.68545,50.70411,0.80611,6470.28564,0,719.9986,3600,3218.90112,116.12947,0.80611,52,0,1217.45862,17860.54883,0,0,0.84153,52,5,52,589,0,0,1.02556,0.74947,11934.41797,5912.35791,3,1.09864,1.20499,7462.7085,6311.5708,3299.8457,0.8011,1.34204,1291.46387,935.77545,1639.99377,286.55118,0,1677.90149,3600,1.16928,2031,3959.11011,582.37073,0.80611,0,0,0,1200,3,0,38.74707,NA,35020.68359,0.26298,10304.41016,1078.75623,1200,1416.11023,0,1200,644.69128,0,43.15387,25.4063,47.33142,4547.06201,0,0.58678,6086.55322,454.42319,39814,0,5255.24902,324.05182,3600,2703.5,510.15369,52,2.73,17.85,3,0,1200,2000
36,35247,3729,1,0.62,3,1200,52,0,205,sov;hov2;hov3;trk;apv;com,0.87,5.0,1.0,0,0,0.7153846153846154,"LINESTRING (-77.171139 38.768663, -77.182039 38.769962)",0.62,5,0,3600,0,3,220.38483,0,9e-05,1.42147,34,1.07842,50.8331,0.97998,4503.66357,0,513.15411,3600,3590.4812,98.8513,0.97998,52,0,1306.23633,21050.91797,0,0,0.96746,52,5,52,28995,0,0,1.02296,0.52167,11811.91797,7765.99365,3,1.09665,1.07715,7179.16064,5791.09863,2792.27148,0.8011,1.82622,802.67285,1174.86597,1508.47717,211.13753,0,1750.04797,3600,1.42147,2026,3531.47095,554.5506,0.97998,0,0,0,1200,3,0,28.4741,NA,33953.09375,0.2413,11846.41406,931.06201,1200,1484.06128,0,1200,796.65381,0,48.27543,46.69236,47.41721,2645.36841,0,0.58075,7323.38916,418.66,53893,0,7344.77686,579.4527,3600,3282.64,429.55026,52,3.51,21.08,3,0,1200,2000
37,35247,5098,1,0.09,7,500,35,0,204,closed,0.96,2.3,1.0,0,0,0.15428571428571428,"LINESTRING (-77.171139 38.768663, -77.170434 38.767486)",0.09,4,9,3500,9,7,0.0,9,0.0,0.40059,0,0.0,35.0,0.33395,0.0,0,0.0,3500,0.0,0.0,0.33395,35,0,0.0,0.0,0,9,0.0,35,5,35,27469,9,0,1.0,0.0,0.0,0.0,7,1.0,1.0,0.0,0.0,0.0,0.8011,1.0,0.0,0.0,0.0,0.0,0,0.0,3500,0.40059,2025,0.0,0.0,0.33395,0,0,0,500,7,0,35.0,NA,0.0,0.0,0.0,0.0,500,0.0,0,500,0.0,0,35.0,0.0,35.0,0.0,0,0.0,0.0,0.0,39385,0,0.0,0.0,3500,472.86,0.0,35,0.0,0.0,7,0,500,2001
38,35247,6114,1,0.1,7,500,35,0,204,closed,0.96,2.3,1.0,0,0,0.17142857142857143,"LINESTRING (-77.171139 38.768663, -77.170199 38.76747)",0.1,4,9,3500,9,7,0.0,9,0.0,0.4451,0,0.0,35.0,0.37106,0.0,0,0.0,3500,0.0,0.0,0.37106,35,0,0.0,0.0,0,9,0.0,35,5,35,27470,9,0,1.0,0.0,0.0,0.0,7,1.0,1.0,0.0,0.0,0.0,0.8011,1.0,0.0,0.0,0.0,0.0,0,0.0,3500,0.4451,2025,0.0,0.0,0.37106,0,0,0,500,7,0,35.0,NA,0.0,0.0,0.0,0.0,500,0.0,0,500,0.0,0,35.0,0.0,35.0,0.0,0,0.0,0.0,0.0,5289,0,0.0,0.0,3500,510.3,0.0,35,0.0,0.0,7,0,500,2001
39,35247,34988,1,0.22,3,500,35,0,204,sov;hov2;hov3;trk;apv;com,0.96,2.3,1.0,0,0,0.3771428571428571,"LINESTRING (-77.171139 38.768663, -77.171167 38.771771)",0.22,4,0,1500,0,3,80.71693,0,6.92228,0.97923,16,22.76793,32.5569,0.81633,4539.3501,0,429.62387,1500,550.23688,43.6201,0.81633,35,0,551.41516,3411.01196,0,0,0.94428,35,5,35,590,0,0,1.07504,1.26194,3646.41211,2684.33398,3,1.15977,3.01759,2333.78418,2501.07666,998.65704,0.8011,1.85234,723.28009,212.48453,703.56854,162.28732,0,755.24646,1500,0.97923,2029,1745.69446,286.52948,0.81633,0,0,0,500,3,0,18.89497,VA2001,15504.59961,0.25011,4817.76074,448.22607,500,218.10501,0,500,138.47818,0,11.59868,0.0,30.17836,3452.14868,0,0.43028,802.21069,178.46992,30910,0,1059.90735,201.83836,1500,1165.68,117.97779,35,7.08,3.52,3,0,500,2001
40,35247,35439,1,0.29,1,1200,52,0,205,closed,0.87,5.0,1.0,0,0,0.3346153846153846,"LINESTRING (-77.171139 38.768663, -77.176119 38.770232)",0.29,5,9,1200,9,1,0.0,9,0.0,0.66488,0,0.0,52.0,0.45838,0.0,0,0.0,1200,0.0,0.0,0.45838,52,0,0.0,0.0,0,9,0.0,52,5,52,323,9,0,1.0,0.0,0.0,0.0,1,1.0,1.0,0.0,0.0,0.0,0.8011,1.0,0.0,0.0,0.0,0.0,0,0.0,1200,0.66488,2026,0.0,0.0,0.45838,0,0,0,1200,1,0,52.0,VSF26HOV,0.0,0.0,0.0,0.0,1200,0.0,0,1200,0.0,0,52.0,0.0,52.0,0.0,0,0.0,0.0,0.0,67832,0,0.0,0.0,1200,1530.95,0.0,52,0.0,0.0,1,0,1200,2025
41,35247,36387,1,0.99,2,500,35,0,204,sov;hov2;hov3;trk;apv;com,0.96,2.3,1.0,0,0,1.697142857142857,"LINESTRING (-77.171139 38.768663, -77.182427 38.765252)",0.99,4,0,1000,0,2,11.20444,0,0.0,4.40653,2,0.0,34.71864,3.67347,674.63037,0,40.67691,1000,213.94197,4.31,3.67347,35,0,41.98428,1839.52234,0,0,0.11159,35,5,35,32911,0,0,1.0081,0.28132,587.80554,217.40701,2,1.02625,1.0869,404.48685,216.103,667.88409,0.8011,1.02859,49.67122,29.89393,76.39217,22.99857,0,59.2975,1000,4.40653,2025,144.921,54.59007,3.67347,0,0,0,500,2,0,34.02705,VSF46,1858.10339,0.03242,379.56442,36.818,500,40.98192,0,500,15.794,0,32.20162,0.0,34.10465,514.98523,0,0.10404,581.92749,36.05069,83191,0,375.7688,41.37959,1000,5207.49,14.26,35,0.0,1.98,2,0,500,2024
42,35439,3730,1,0.33,1,1200,52,0,205,closed,0.87,5.0,1.0,0,0,0.3807692307692308,"LINESTRING (-77.176119 38.770232, -77.181987 38.770283)",0.33,5,9,1200,9,1,0.0,9,0.0,0.75659,0,0.0,52.0,0.5216,0.0,0,0.0,1200,0.0,0.0,0.5216,52,0,0.0,0.0,0,9,0.0,52,5,52,28994,9,0,1.0,0.0,0.0,0.0,1,1.0,1.0,0.0,0.0,0.0,0.8011,1.0,0.0,0.0,0.0,0.0,0,0.0,1200,0.75659,2026,0.0,0.0,0.5216,0,0,0,1200,1,0,52.0,VSF26HOV,0.0,0.0,0.0,0.0,1200,0.0,0,1200,0.0,0,52.0,0.0,52.0,0.0,0,0.0,0.0,0.0,57804,0,0.0,0.0,1200,1736.58,0.0,52,0.0,0.0,1,0,1200,2025
43,35439,35247,1,0.29,1,1200,52,0,205,closed,0.87,5.0,1.0,0,0,0.3346153846153846,"LINESTRING (-77.176119 38.770232, -77.171139 38.768663)",0.29,5,9,1200,9,1,0.0,9,0.0,0.66488,0,0.0,52.0,0.45838,0.0,0,0.0,1200,0.0,0.0,0.45838,52,0,0.0,0.0,0,9,0.0,52,5,52,323,9,0,1.0,0.0,0.0,0.0,1,1.0,1.0,0.0,0.0,0.0,0.8011,1.0,0.0,0.0,0.0,0.0,0,0.0,1200,0.66488,2026,0.0,0.0,0.45838,0,0,0,1200,1,0,52.0,VSF26HOV,0.0,0.0,0.0,0.0,1200,0.0,0,1200,0.0,0,52.0,0.0,52.0,0.0,0,0.0,0.0,0.0,19654,0,0.0,0.0,1200,1530.95,0.0,52,0.0,0.0,1,0,1200,2025
44,36321,2027,1,0.12,7,3150,17,0,200,sov;hov2;hov3;trk;apv;com,0.1,2.0,1.0,0,0,0.4235294117647058,"LINESTRING (-77.178139 38.774172, -77.179948 38.775078)",0.12,0,0,22050,0,7,18.19,0,1.7,0.48,0,1.87,17.0,0.48,785.984,0,75.46,22050,63.8952,12.07,0.48,17,0,131.94,0.0,0,0,0.01002,17,5,17,25493,0,0,1.0,0.01486,1236.998,426.752,7,1.0,1.0,814.952,532.46,94.31808,0.8011,1.0,45.349,65.635,170.681,25.28,0,127.495,22050,0.48,2027,335.193,61.514,0.48,0,0,0,3150,7,0,17.0,NA,3307.038,0.00362,751.596,86.964,3150,131.94,0,3150,35.713,0,17.0,2.69,17.0,592.206,0,0.00993,148.43976,51.1,38811,0,90.19152,29.824,22050,612.43,61.43,17,1.09,0.0,7,0,3150,2001
45,36321,2028,1,0.18,7,3150,17,0,200,sov;hov2;hov3;trk;apv;com,0.1,2.0,1.0,0,0,0.6352941176470588,"LINESTRING (-77.178139 38.774172, -77.174821 38.774317)",0.18,0,0,22050,0,7,15.97036,0,0.0,0.72,0,0.0,17.0,0.72,327.17624,0,36.40061,22050,64.25478,12.44,0.72,17,0,91.62532,0.0,0,0,0.00576,17,5,17,22839,0,0,1.0,0.00619,710.56989,240.17105,7,1.0,1.0,430.71674,356.97101,58.89172,0.8011,1.0,22.295,51.91414,91.069,20.34946,0,61.83476,22050,0.72,2028,211.33,7.50827,0.72,0,0,0,3150,7,0,17.0,NA,1826.61365,0.00243,431.89651,56.437,3150,90.7,0,3150,30.884,0,17.0,0.0,17.0,261.10187,0,0.0057,127.90258,46.17,38815,0,77.74137,1.816,22050,947.52,45.88,17,0.0,0.0,7,0,3150,2001
46,36321,3723,1,0.3,2,600,40,0,203,sov;hov2;hov3;trk;apv;com,0.96,2.3,1.0,0,0,0.45,"LINESTRING (-77.178139 38.774172, -77.176047 38.777961)",0.3,3,0,1200,0,2,122.32467,0,13.50025,1.30624,13,13.02641,37.92804,1.04651,2140.78442,0,309.92627,1200,802.83655,85.06956,1.04651,40,0,476.45715,3841.89258,0,0,1.00224,40,5,40,32425,0,0,1.05463,0.74392,3898.61646,2639.50928,2,1.14177,1.28246,2345.9541,2676.12183,642.23529,0.8011,2.01523,271.04126,210.08881,577.3208,280.80273,0,568.42688,1200,1.30624,2027,1743.90613,147.31839,1.04651,0,0,0,600,2,0,19.84889,NA,12806.30859,0.33452,4090.78564,470.74698,600,389.47681,0,600,173.29414,0,31.18996,15.39,35.03325,1338.85791,0,0.57505,1169.58496,360.38583,81728,0,1227.23572,50.37887,1200,1568.44,196.83496,40,6.27,3.9,2,0,600,2001
47,36321,34987,1,0.16,2,600,40,0,203,sov;hov2;hov3;trk;apv;com,0.96,2.3,1.0,0,0,0.24,"LINESTRING (-77.178139 38.774172, -77.180028 38.772343)",0.16,3,0,1200,0,2,81.73798,0,7.76024,0.69666,9,8.46744,39.09441,0.55814,1550.65662,0,190.18457,1200,223.26703,34.23,0.55814,40,0,316.27039,1426.97534,0,0,0.66929,40,5,40,32424,0,0,1.02316,0.53885,3240.7356,1798.38855,2,1.09752,1.12404,2081.60571,1395.41895,248.10506,0.8011,1.20527,131.62251,198.84111,472.25064,91.87231,0,395.29745,1200,0.69666,2027,886.07898,137.45493,0.55814,0,0,0,600,2,0,33.18752,NA,8918.5957,0.17443,2731.78442,233.478,600,293.84048,0,600,122.352,0,35.58598,12.37698,36.44571,1026.03943,0,0.47801,518.5177,181.82063,81727,0,437.08551,97.34506,1200,857.04,114.82,40,4.46,1.44,2,0,600,2001
48,36322,2026,1,0.1,7,3150,17,0,200,sov;hov2;hov3;trk;apv;com,0.1,2.0,1.0,0,0,0.35294117647058826,"LINESTRING (-77.173979 38.771333, -77.175665 38.770894)",0.1,0,0,22050,0,7,21.78,0,2.42,0.4,0,2.67,17.0,0.4,340.938,0,37.74,22050,69.3038,12.5,0.4,17,0,66.32,0.0,0,0,0.01117,17,5,17,25902,0,0,1.0,0.00645,1041.467,488.427,7,1.0,1.0,621.742,693.038,34.0938,0.8011,1.0,82.185,90.561,203.214,29.15,0,176.001,22050,0.4,2026,417.695,55.111,0.4,0,0,0,3150,7,0,17.0,NA,2912.826,0.00471,837.383,154.421,3150,66.45,0,3150,76.492,0,17.0,3.85,17.0,188.973,0,0.00836,104.1467,55.65,24509,0,83.7383,27.544,22050,506.68,30.36,17,1.57,0.0,7,0,3150,2001
49,36322,2028,1,0.21,7,3150,17,0,200,sov;hov2;hov3;trk;apv;com,0.1,2.0,1.0,0,0,0.7411764705882353,"LINESTRING (-77.173979 38.771333, -77.174821 38.774317)",0.21,0,0,22050,0,7,18.24266,0,0.0,0.84,0,0.0,17.0,0.84,816.30957,0,85.90063,22050,111.86259,8.61,0.84,17,0,105.31919,0.0,0,0,0.0104,17,5,17,22838,0,0,1.0,0.01544,822.66052,464.16873,7,1.0,1.0,559.67017,532.67902,171.425,0.8011,1.0,51.613,44.13189,125.10372,29.44978,0,140.37206,22050,0.84,2028,336.345,68.35544,0.84,0,0,0,3150,7,0,17.0,NA,2951.36475,0.00362,779.71564,104.352,3150,65.18921,0,3150,41.112,0,17.0,0.0,17.0,587.73724,0,0.0066,172.75871,28.56554,38814,0,163.7403,44.86645,22050,1112.98,42.26,17,0.0,0.0,7,0,3150,2001
50,36322,34987,1,0.34,2,500,35,0,204,sov;hov2;hov3;trk;apv;com,0.96,2.3,1.0,0,0,0.582857142857143,"LINESTRING (-77.173979 38.771333, -77.180028 38.772343)",0.34,4,0,1000,0,2,6.03494,0,2.17964,1.51335,2,0.52034,34.43459,1.2616,365.9342,0,32.94528,1000,148.87228,10.22,1.2616,35,0,19.94661,589.73956,0,0,0.06283,35,5,35,22837,0,0,1.01642,0.15259,717.02881,120.71942,2,1.03334,1.0413,436.87991,437.85968,124.41763,0.8011,1.01571,23.9971,58.39256,125.11153,19.21589,0,42.48696,1000,1.51335,2026,261.42877,45.17759,1.2616,0,0,0,500,2,0,34.45874,VA2001,1734.52808,0.06568,213.70537,94.47387,500,52.67914,0,500,42.22704,0,33.61169,3.85,33.87064,241.43817,0,0.12691,243.78979,40.11565,38812,0,72.65982,24.97763,1000,1769.16,27.94,35,1.57,0.68,2,0,500,2001
51,36322,34988,1,0.16,2,500,35,0,204,sov;hov2;hov3;trk;apv;com,0.96,2.3,1.0,0,0,0.2742857142857143,"LINESTRING (-77.173979 38.771333, -77.171167 38.771771)",0.16,4,0,1000,0,2,42.97605,0,0.24041,0.71217,5,2.14966,34.07525,0.59369,466.31842,0,54.99629,1000,114.02501,34.49451,0.59369,35,0,285.65228,747.29767,0,0,0.66822,35,5,35,22836,0,0,1.02714,0.19445,1218.78479,1387.36768,2,1.06198,1.05428,722.50317,712.65631,74.61095,0.8011,1.35599,181.20557,85.23679,208.8954,27.77632,0,373.49976,1000,0.71217,2026,404.97314,55.32822,0.59369,0,0,0,500,2,0,25.81133,VA2001,4670.61035,0.1069,2272.85107,180.1402,500,89.05193,0,500,59.72216,0,33.19798,0.0,32.95745,296.99716,0,0.21572,195.00557,113.09746,47947,0,363.65616,30.98002,1000,835.87,33.32631,35,0.0,0.8,2,0,500,2001
52,36324,2028,1,0.18,7,3150,17,0,200,sov;hov2;hov3;trk;apv;com,0.1,2.0,1.0,0,0,0.6352941176470588,"LINESTRING (-77.171518 38.774901, -77.174821 38.774317)",0.18,0,0,22050,0,7,4.85937,0,0.91,0.72,0,0.26297,17.0,0.72,556.57062,0,53.37391,22050,29.45718,2.02,0.72,17,0,25.54703,0.0,0,0,0.00254,17,5,17,28988,0,0,1.0,0.01053,1040.63269,96.22251,7,1.0,1.0,686.96759,163.651,100.18271,0.8011,1.0,22.5924,58.69377,182.76593,24.51762,0,41.06855,22050,0.72,2028,97.346,55.77583,0.72,0,0,0,3150,7,0,17.0,NEWTAZ,1951.4071,0.00111,190.55284,43.121,3150,75.64056,0,3150,14.314,0,17.0,0.0,17.0,402.72354,0,0.00835,187.31389,36.56488,40096,0,34.29951,19.26969,22050,965.13,6.85,17,0.0,0.0,7,0,3150,2001
53,36324,2029,1,0.11,7,3150,17,0,200,sov;hov2;hov3;trk;apv;com,0.1,2.0,1.0,0,0,0.388235294117647,"LINESTRING (-77.171518 38.774901, -77.17033 38.773577)",0.11,0,0,22050,0,7,6.10886,0,1.26,0.44,0,1.38,17.0,0.44,240.71025,0,29.57349,22050,34.50854,4.67775,0.44,17,0,55.06825,0.0,0,0,0.00563,17,5,17,25020,0,0,1.0,0.00455,686.19684,245.3838,7,1.0,1.0,437.75107,313.71399,26.47813,0.8011,1.0,21.06923,46.16224,124.46175,8.87031,0,93.41253,22050,0.44,2029,188.93756,26.33968,0.44,0,0,0,3150,7,0,17.0,NA,1663.0437,0.00213,422.42267,65.68569,3150,57.54873,0,3150,26.606,0,17.0,1.99,17.0,164.2567,0,0.00551,75.48165,18.28305,612,0,46.4665,10.41007,22050,590.08,26.997,17,0.81,0.0,7,0,3150,2001
54,36324,3724,1,0.2,3,500,35,0,204,sov;hov2;hov3;trk;apv;com,0.96,2.3,1.0,0,0,0.34285714285714286,"LINESTRING (-77.171518 38.774901, -77.171778 38.777712)",0.2,4,0,1500,0,3,66.76025,0,8.42267,0.89021,12,26.44193,33.03971,0.74212,3404.60425,0,307.27682,1500,417.53223,34.95914,0.74212,35,0,447.2406,2398.11377,0,0,0.81297,35,5,35,32427,0,0,1.05933,0.94648,2350.48706,2312.98022,3,1.0854,1.85817,1427.76038,2087.66113,680.92084,0.8011,1.56268,641.8996,134.27052,559.84601,122.37319,0,652.4939,1500,0.89021,2029,1495.45667,193.33673,0.74212,0,0,0,500,3,0,22.39735,NA,11990.56836,0.20877,4147.81641,380.30383,500,90.47096,0,500,100.06618,0,18.83572,1.99,32.2463,2641.79614,0,0.27736,470.09741,136.14912,81732,0,829.56329,131.39864,1500,1034.07,68.98524,35,7.89,2.4,3,0,500,2001
55,36324,34988,1,0.22,3,500,35,0,204,sov;hov2;hov3;trk;apv;com,0.96,2.3,1.0,0,0,0.3771428571428571,"LINESTRING (-77.171518 38.774901, -77.171167 38.771771)",0.22,4,0,1500,0,3,65.13286,0,2.81526,0.97923,6,1.54934,34.21855,0.81633,732.49274,0,71.64712,1500,200.96635,8.6462,0.81633,35,0,225.0627,1401.38867,0,0,0.61837,35,5,35,32426,0,0,1.02284,0.20363,1569.00586,2135.83984,3,1.05139,1.05738,964.33612,913.4834,161.14841,0.8011,1.30266,139.03241,121.73959,274.93417,21.98622,0,588.34924,1500,0.97923,2029,574.58575,76.70829,0.81633,0,0,0,500,3,0,26.86811,NA,6369.94873,0.09135,3154.96655,176.92282,500,156.52986,0,500,109.37402,0,33.10067,0.32302,33.28913,421.39145,0,0.18514,345.18127,51.14306,81731,0,694.09265,137.9444,1500,1155.03,43.95462,35,0.0,1.32,3,0,500,2001
56,36387,2025,1,0.35,7,3150,17,0,200,sov;hov2;hov3;trk;apv;com,0.1,2.0,1.0,0,0,1.2352941176470589,"LINESTRING (-77.182427 38.765252, -77.17618 38.766558)",0.35,0,0,22050,0,7,14.4332,0,0.0,1.4,0,0.0,17.0,1.4,873.41431,0,58.47341,22050,86.0447,6.94,1.4,17,0,83.71088,0.0,0,0,0.00629,17,5,17,26436,0,0,1.0,0.01652,628.44312,284.63635,7,1.0,1.0,448.9725,245.842,305.69501,0.8011,1.0,28.66883,26.58247,69.59673,26.28042,0,60.65643,22050,1.4,2025,166.163,50.63919,1.4,0,0,0,3150,7,0,17.0,NA,2219.80518,0.00167,472.10568,35.212,3150,52.47178,0,3150,15.197,0,17.0,0.0,17.0,702.94348,0,0.00504,219.95509,30.81966,68066,0,165.237,35.07781,22050,1843.49,22.33,17,0.0,0.0,7,0,3150,2001
57,36387,3727,1,0.3,1,600,40,0,203,sov;hov2;hov3;trk;apv;com,0.96,2.3,1.0,0,0,0.45,"LINESTRING (-77.182427 38.765252, -77.182669 38.760952)",0.3,3,0,600,0,1,66.97214,0,2.03024,1.30624,6,2.17744,38.64947,1.04651,1018.49585,0,139.32751,600,290.1672,19.83,1.04651,40,0,178.16298,1922.34131,0,0,1.06522,40,5,40,26434,0,0,1.03494,0.70785,2248.1709,1539.04944,1,1.20078,1.23774,1454.9718,967.224,305.54874,0.8011,2.44283,97.16073,129.70332,342.17245,78.83773,0,290.39099,600,1.30624,2024,639.02,91.90922,1.04651,0,0,0,600,1,0,16.37446,NA,6407.8042,0.24181,2173.91357,162.225,600,176.08008,0,600,86.769,0,32.31697,3.23,33.3118,631.94269,0,0.66321,674.45129,142.01314,38897,0,652.17407,74.44839,600,1567.52,58.79,40,0.59,1.8,1,0,600,2001
58,36387,34181,1,0.4,1,600,40,0,203,sov;hov2;hov3;trk;apv;com,0.96,2.3,1.0,0,0,0.6,"LINESTRING (-77.182427 38.765252, -77.181568 38.771022)",0.4,3,0,600,0,1,47.97803,0,6.07063,1.74165,5,6.74607,39.23241,1.39535,1187.79529,0,149.3175,600,240.69431,10.14843,1.39535,40,0,136.16972,1832.9718,0,0,0.76278,40,5,40,26435,0,0,1.01957,0.82552,1236.19446,920.74213,1,1.06217,1.40993,777.15894,601.73578,475.11813,0.8011,1.30585,210.20247,86.12491,206.50311,189.63255,0,234.86551,600,1.74165,2025,378.48868,87.42604,1.39535,0,0,0,600,1,0,30.63131,NA,4582.42969,0.15043,1556.70398,118.08089,600,99.12363,0,600,54.59658,0,28.3703,3.23,37.65878,728.98273,0,0.36468,494.47778,64.05385,59619,0,622.68158,26.36587,600,2131.62,39.11119,40,1.31,2.0,1,0,600,2001
59,36387,35247,1,0.99,2,500,35,0,204,sov;hov2;hov3;trk;apv;com,0.96,2.3,1.0,0,0,1.697142857142857,"LINESTRING (-77.182427 38.765252, -77.171139 38.768663)",0.99,4,0,1000,0,2,21.03222,0,0.00016,4.40653,2,0.0,34.72217,3.67347,93.47601,0,16.04709,1000,211.23758,2.5306,3.67347,35,0,113.01049,1791.52893,0,0,0.31107,35,5,35,32911,0,0,1.008,0.03898,444.73016,742.9472,2,1.01968,1.00974,293.12469,213.37129,92.54125,0.8011,1.0992,65.17,23.54614,64.62477,7.49205,0,115.88776,1000,4.40653,2025,148.31125,8.56283,3.67347,0,0,0,500,2,0,31.84131,VSF46,1809.62524,0.03201,1058.04773,37.76405,500,30.94164,0,500,16.71952,0,34.66222,0.0,34.32452,57.14829,0,0.07872,440.28287,32.4929,83192,0,1047.46716,4.22559,1000,5207.49,8.04587,35,0.0,1.98,2,0,500,2024
